{"cameraMode":{"drawMode":0,"name":"Shaded","section":"Shading Mode"},"sceneLighting":false,"audioPlay":false,"sceneViewState":{"showFog":true,"showMaterialUpdate":false,"showSkybox":false,"showFlares":true,"showImageEffects":true,"showParticleSystems":true,"showVisualEffectGraphs":true,"m_FxEnabled":true},"in2DMode":false,"pivot":{"x":-10.571368217468262,"y":0.05645561218261719,"z":-1.693835735321045},"rotation":{"x":-0.13269516825675965,"y":0.22883479297161103,"z":-0.03150392696261406,"w":-0.9638670086860657},"size":0.8660253882408142,"orthographic":false}