{"cameraMode":{"drawMode":0,"name":"Shaded","section":"Shading Mode"},"sceneLighting":false,"audioPlay":false,"sceneViewState":{"showFog":true,"showMaterialUpdate":false,"showSkybox":false,"showFlares":true,"showImageEffects":true,"showParticleSystems":true,"showVisualEffectGraphs":true,"m_FxEnabled":true},"in2DMode":false,"pivot":{"x":-1.3973103761672974,"y":-0.30433186888694765,"z":-0.717926561832428},"rotation":{"x":-0.06125527620315552,"y":0.9243114590644836,"z":-0.33720093965530398,"w":-0.16790936887264253},"size":1.5246620178222657,"orthographic":false}