{"cameraMode":{"drawMode":0,"name":"Shaded","section":"Shading Mode"},"sceneLighting":false,"audioPlay":false,"sceneViewState":{"showFog":true,"showMaterialUpdate":false,"showSkybox":false,"showFlares":true,"showImageEffects":true,"showParticleSystems":true,"showVisualEffectGraphs":true,"m_FxEnabled":true},"in2DMode":false,"pivot":{"x":-7.669355392456055,"y":0.3225945234298706,"z":-7.359589576721191},"rotation":{"x":0.28775909543037417,"y":-0.06114280968904495,"z":0.018413148820400239,"w":0.9555745124816895},"size":0.20733366906642915,"orthographic":true}