{"cameraMode":{"drawMode":0,"name":"Shaded","section":"Shading Mode"},"sceneLighting":true,"audioPlay":false,"sceneViewState":{"showFog":true,"showMaterialUpdate":false,"showSkybox":false,"showFlares":true,"showImageEffects":true,"showParticleSystems":true,"showVisualEffectGraphs":true,"m_FxEnabled":true},"in2DMode":false,"pivot":{"x":-0.11512274295091629,"y":0.21097886562347413,"z":-0.7504501938819885},"rotation":{"x":0.006117707584053278,"y":0.9228465557098389,"z":-0.3848518431186676,"w":0.014671355485916138},"size":1.2598836421966553,"orthographic":false}