{"cameraMode":{"drawMode":0,"name":"Shaded","section":"Shading Mode"},"sceneLighting":true,"audioPlay":false,"sceneViewState":{"showFog":true,"showMaterialUpdate":false,"showSkybox":true,"showFlares":true,"showImageEffects":true,"showParticleSystems":true},"in2DMode":false,"pivot":{"x":-0.5026712417602539,"y":0.6770955920219421,"z":0.04883819445967674},"rotation":{"x":0.18606922030448914,"y":-0.6446526646614075,"z":0.16598117351531983,"w":0.7226742506027222},"size":0.14459651708602906,"orthographic":true}