{"cameraMode":{"drawMode":0,"name":"Shaded","section":"Shading Mode"},"sceneLighting":true,"audioPlay":false,"sceneViewState":{"showFog":true,"showMaterialUpdate":false,"showSkybox":true,"showFlares":true,"showImageEffects":true,"showParticleSystems":true},"in2DMode":false,"pivot":{"x":7.335873603820801,"y":3.5462000370025636,"z":2.653388023376465},"rotation":{"x":-0.3726538419723511,"y":0.011685549281537533,"z":-0.0046913521364331249,"w":-0.9278882145881653},"size":8.129343032836914,"orthographic":true}